{
  "basic": {
    "avg_ndcg": 0.1955932123587446,
    "std_ndcg": 0.3000102899535932,
    "avg_precision": 0.08256880733944952,
    "std_precision": 0.11239187398982425,
    "avg_recall": 0.24831804281345565,
    "std_recall": 0.3637845089902629,
    "avg_hit_rate": 0.3761467889908257,
    "std_hit_rate": 0.48441756999794805,
    "avg_f1": 0.1179845638561235,
    "std_f1": 0.157387844775581,
    "avg_map": 0.15244648318042814,
    "std_map": 0.2730302049291178,
    "avg_mrr": 0.2402359108781127,
    "std_mrr": 0.347799289628508,
    "avg_coverage": 0.24831804281345565,
    "std_coverage": 0.3637845089902629,
    "avg_novelty": 0.8155963302752293,
    "std_novelty": 0.1853211009174312,
    "avg_response_times": 0.0016782480642336224,
    "std_response_times": 0.0006246665870321716,
    "total_users": 198,
    "evaluated_users": 109,
    "errors": 0
  },
  "ml": {
    "avg_ndcg": 0.19398996919901698,
    "std_ndcg": 0.29823416764105637,
    "avg_precision": 0.08256880733944952,
    "std_precision": 0.11239187398982425,
    "avg_recall": 0.24831804281345565,
    "std_recall": 0.3637845089902629,
    "avg_hit_rate": 0.3761467889908257,
    "std_hit_rate": 0.48441756999794805,
    "avg_f1": 0.1179845638561235,
    "std_f1": 0.157387844775581,
    "avg_map": 0.15045871559633028,
    "std_map": 0.271416591111642,
    "avg_mrr": 0.2387214212902286,
    "std_mrr": 0.3468960534802351,
    "avg_coverage": 0.24831804281345565,
    "std_coverage": 0.3637845089902629,
    "avg_novelty": 0.8155963302752293,
    "std_novelty": 0.1853211009174312,
    "avg_response_times": 0.002829087983577623,
    "std_response_times": 0.0014790564391502087,
    "total_users": 198,
    "evaluated_users": 109,
    "errors": 0
  }
}